{
    "batchName": "Maxwell",
    "batchTime": 1656743259,
    "boardConf": "IR-C00M01-00",
    "boardCustom": "",
    "boardName": "DM9098",
    "boardOptions": 4,
    "boardRev": "R6M2E6",
    "cameraData": [
        [
            2,
            {
                "cameraType": 0,
                "distortionCoeff": [
                    42.300968170166016,
                    -238.1188201904297,
                    -0.0020528212189674377,
                    0.0002951799251604825,
                    1016.8928833007813,
                    41.542232513427734,
                    -235.4759979248047,
                    1007.5076904296875,
                    0.0,
                    0.0,
                    0.0,
                    0.0,
                    0.0,
                    0.0
                ],
                "extrinsics": {
                    "rotationMatrix": [
                        [
                            0.9999129772186279,
                            0.0007519437931478024,
                            -0.013170866295695305
                        ],
                        [
                            -0.0006254117470234632,
                            0.9999536275863647,
                            0.009608451277017593
                        ],
                        [
                            0.013177480548620224,
                            -0.009599377401173115,
                            0.9998670816421509
                        ]
                    ],
                    "specTranslation": {
                        "x": 3.75,
                        "y": 0.0,
                        "z": 0.0
                    },
                    "toCameraSocket": 0,
                    "translation": {
                        "x": 4.2912092208862305,
                        "y": -0.033758196979761124,
                        "z": -0.36506912112236023
                    }
                },
                "height": 800,
                "intrinsicMatrix": [
                    [
                        800.3165283203125,
                        0.0,
                        646.1286010742188
                    ],
                    [
                        0.0,
                        798.91552734375,
                        410.32794189453125
                    ],
                    [
                        0.0,
                        0.0,
                        1.0
                    ]
                ],
                "lensPosition": 0,
                "specHfovDeg": 71.86000061035156,
                "width": 1280
            }
        ],
        [
            0,
            {
                "cameraType": 0,
                "distortionCoeff": [
                    68.6909408569336,
                    -251.10267639160156,
                    -0.0011645761551335454,
                    0.004791037645190954,
                    60.25791549682617,
                    68.18456268310547,
                    -253.55723571777344,
                    73.87001037597656,
                    0.0,
                    0.0,
                    0.0,
                    0.0,
                    0.0,
                    0.0
                ],
                "extrinsics": {
                    "rotationMatrix": [
                        [
                            0.0,
                            0.0,
                            0.0
                        ],
                        [
                            0.0,
                            0.0,
                            0.0
                        ],
                        [
                            0.0,
                            0.0,
                            0.0
                        ]
                    ],
                    "specTranslation": {
                        "x": 0.0,
                        "y": 0.0,
                        "z": 0.0
                    },
                    "toCameraSocket": -1,
                    "translation": {
                        "x": 0.0,
                        "y": 0.0,
                        "z": 0.0
                    }
                },
                "height": 1080,
                "intrinsicMatrix": [
                    [
                        1577.9658203125,
                        0.0,
                        987.2677612304688
                    ],
                    [
                        0.0,
                        1575.9693603515625,
                        552.1464233398438
                    ],
                    [
                        0.0,
                        0.0,
                        1.0
                    ]
                ],
                "lensPosition": 135,
                "specHfovDeg": 68.7938003540039,
                "width": 1920
            }
        ],
        [
            1,
            {
                "cameraType": 0,
                "distortionCoeff": [
                    15.682660102844238,
                    -81.98081970214844,
                    0.001852003508247435,
                    -0.0025134996976703405,
                    135.1396484375,
                    15.132755279541016,
                    -79.14913940429688,
                    130.74497985839844,
                    0.0,
                    0.0,
                    0.0,
                    0.0,
                    0.0,
                    0.0
                ],
                "extrinsics": {
                    "rotationMatrix": [
                        [
                            0.9999760389328003,
                            -0.004667452536523342,
                            -0.005113477818667889
                        ],
                        [
                            0.0046599856577813625,
                            0.9999880790710449,
                            -0.0014711969997733831
                        ],
                        [
                            0.005120283458381891,
                            0.0014473330229520798,
                            0.9999858140945435
                        ]
                    ],
                    "specTranslation": {
                        "x": -7.5,
                        "y": 0.0,
                        "z": 0.0
                    },
                    "toCameraSocket": 2,
                    "translation": {
                        "x": -8.446154594421387,
                        "y": 0.0468619279563427,
                        "z": -0.033479224890470505
                    }
                },
                "height": 800,
                "intrinsicMatrix": [
                    [
                        801.53173828125,
                        0.0,
                        647.3785400390625
                    ],
                    [
                        0.0,
                        799.92919921875,
                        414.31732177734375
                    ],
                    [
                        0.0,
                        0.0,
                        1.0
                    ]
                ],
                "lensPosition": 0,
                "specHfovDeg": 71.86000061035156,
                "width": 1280
            }
        ]
    ],
    "hardwareConf": "F0-FV00-BC001",
    "imuExtrinsics": {
        "rotationMatrix": [
            [
                0.0,
                0.0,
                0.0
            ],
            [
                0.0,
                0.0,
                0.0
            ],
            [
                0.0,
                0.0,
                0.0
            ]
        ],
        "specTranslation": {
            "x": 0.0,
            "y": 0.0,
            "z": 0.0
        },
        "toCameraSocket": -1,
        "translation": {
            "x": 0.0,
            "y": 0.0,
            "z": 0.0
        }
    },
    "miscellaneousData": [],
    "productName": "OAK-D Pro AF",
    "stereoRectificationData": {
        "leftCameraSocket": 1,