{
    "batchName": "Maxwell",
    "batchTime": 1656743259,
    "boardConf": "IR-C00M01-00",
    "boardCustom": "",
    "boardName": "DM9098",
    "boardOptions": 4,
    "boardRev": "R6M2E6",
    "cameraData": [
        [
            2,
            {
                "cameraType": 0,
                "distortionCoeff": [
                    -3.821974754333496,
                    60.3721809387207,
                    -0.001962455455213785,
                    0.0005628340295515954,
                    -13.889762878417969,
                    -3.9102344512939453,
                    60.16058349609375,
                    -12.691018104553223,
                    0.0,
                    0.0,
                    0.0,
                    0.0,
                    0.0,
                    0.0
                ],
                "extrinsics": {
                    "rotationMatrix": [
                        [
                            0.9999978542327881,
                            4.055424506077543e-05,
                            -0.0020665184129029512
                        ],
                        [
                            -2.218950612586923e-05,
                            0.9999605417251587,
                            0.008886048570275307
                        ],
                        [
                            0.002066797111183405,
                            -0.008885983377695084,
                            0.9999583959579468
                        ]
                    ],
                    "specTranslation": {
                        "x": 3.75,
                        "y": 0.0,
                        "z": 0.0
                    },
                    "toCameraSocket": 0,
                    "translation": {
                        "x": 3.6735756397247314,
                        "y": -0.029747964814305305,
                        "z": -0.20146262645721436
                    }
                },
                "height": 800,
                "intrinsicMatrix": [
                    [
                        795.0399169921875,
                        0.0,
                        646.0250854492188
                    ],
                    [
                        0.0,
                        795.0399169921875,
                        409.8722839355469
                    ],
                    [
                        0.0,
                        0.0,
                        1.0
                    ]
                ],
                "lensPosition": 0,
                "specHfovDeg": 71.86000061035156,
                "width": 1280
            }
        ],
        [
            1,
            {
                "cameraType": 0,
                "distortionCoeff": [
                    6.588840007781982,
                    5.7025370597839355,
                    0.0007360384915955365,
                    -0.0014517466770485044,
                    -25.069599151611328,
                    6.284879207611084,
                    6.765336513519287,
                    -25.97307777404785,
                    0.0,
                    0.0,
                    0.0,
                    0.0,
                    0.0,
                    0.0
                ],
                "extrinsics": {
                    "rotationMatrix": [
                        [
                            0.9998824000358582,
                            -0.00421961909160018,
                            -0.014744102023541927
                        ],
                        [
                            0.004181629046797752,
                            0.9999878406524658,
                            -0.00260650971904397
                        ],
                        [
                            0.01475492212921381,
                            0.0025445488281548023,
                            0.9998878836631775
                        ]
                    ],
                    "specTranslation": {
                        "x": -7.5,
                        "y": 0.0,
                        "z": 0.0
                    },
                    "toCameraSocket": 2,
                    "translation": {
                        "x": -7.399285316467285,
                        "y": -0.0036061692517250776,
                        "z": -0.029217613860964775
                    }
                },
                "height": 800,
                "intrinsicMatrix": [
                    [
                        793.9840087890625,
                        0.0,
                        645.2966918945313
                    ],
                    [
                        0.0,
                        793.9840087890625,
                        411.83917236328125
                    ],
                    [
                        0.0,
                        0.0,
                        1.0
                    ]
                ],
                "lensPosition": 0,
                "specHfovDeg": 71.86000061035156,
                "width": 1280
            }
        ],
        [
            0,
            {
                "cameraType": 0,
                "distortionCoeff": [
                    2.4802029132843018,
                    -54.375343322753906,
                    8.175127004506066e-05,
                    0.002073893789201975,
                    189.32122802734375,
                    2.3565428256988525,
                    -53.52051544189453,
                    186.89767456054688,
                    0.0,
                    0.0,
                    0.0,
                    0.0,
                    0.0,
                    0.0
                ],
                "extrinsics": {
                    "rotationMatrix": [
                        [
                            0.0,
                            0.0,
                            0.0
                        ],
                        [
                            0.0,
                            0.0,
                            0.0
                        ],
                        [
                            0.0,
                            0.0,
                            0.0
                        ]
                    ],
                    "specTranslation": {
                        "x": -0.0,
                        "y": -0.0,
                        "z": -0.0
                    },
                    "toCameraSocket": -1,
                    "translation": {
                        "x": 0.0,
                        "y": 0.0,
                        "z": 0.0
                    }
                },
                "height": 2160,
                "intrinsicMatrix": [
                    [
                        3100.6591796875,
                        0.0,
                        1952.053466796875
                    ],
                    [
                        0.0,
                        3100.6591796875,
                        1100.30517578125
                    ],
                    [
                        0.0,
                        0.0,
                        1.0
                    ]
                ],
                "lensPosition": 132,
                "specHfovDeg": 68.7938003540039,
                "width": 3840
            }
        ]
    ],
    "hardwareConf": "F0-FV00-BC001",
    "imuExtrinsics": {
        "rotationMatrix": [
            [
                0.0,
                0.0,
                0.0
            ],
            [
                0.0,
                0.0,
                0.0
            ],
            [
                0.0,
                0.0,
                0.0
            ]
        ],
        "specTranslation": {
            "x": 0.0,
            "y": 0.0,
            "z": 0.0
        },
        "toCameraSocket": -1,
        "translation": {
            "x": 0.0,
            "y": 0.0,
            "z": 0.0
        }
    },
    "miscellaneousData": [],
    "productName": "OAK-D Pro AF",
    "stereoRectificationData": {
        "leftCameraSocket": 1,