{
    "batchName": "",
    "batchTime": 0,
    "boardConf": "",
    "boardCustom": "",
    "boardName": "OAK-D",
    "boardOptions": 0,
    "boardRev": "R1M0E1",
    "cameraData": [
        [
            0,
            {
                "cameraType": 0,
                "distortionCoeff": [
                    13.49544620513916,
                    -166.09605407714844,
                    5.964794399915263e-05,
                    0.0006634833989664912,
                    569.30322265625,
                    13.2777099609375,
                    -164.22024536132813,
                    563.0450439453125,
                    0.0,
                    0.0,
                    0.0,
                    0.0,
                    0.0,
                    0.0
                ],
                "extrinsics": {
                    "rotationMatrix": [
                        [
                            0.0,
                            0.0,
                            0.0
                        ],
                        [
                            0.0,
                            0.0,
                            0.0
                        ],
                        [
                            0.0,
                            0.0,
                            0.0
                        ]
                    ],
                    "specTranslation": {
                        "x": -0.0,
                        "y": -0.0,
                        "z": -0.0
                    },
                    "toCameraSocket": -1,
                    "translation": {
                        "x": 0.0,
                        "y": 0.0,
                        "z": 0.0
                    }
                },
                "height": 1080,
                "intrinsicMatrix": [
                    [
                        1568.1187744140625,
                        0.0,
                        970.8564453125
                    ],
                    [
                        0.0,
                        1566.134765625,
                        543.0675659179688
                    ],
                    [
                        0.0,
                        0.0,
                        1.0
                    ]
                ],
                "lensPosition": 100,
                "specHfovDeg": 68.7938003540039,
                "width": 1920
            }
        ],
        [
            1,
            {
                "cameraType": 0,
                "distortionCoeff": [
                    -9.209368705749512,
                    65.29181671142578,
                    -5.2166426030453295e-05,
                    0.0004887678078375757,
                    -87.71741485595703,
                    -9.287524223327637,
                    65.54322052001953,
                    -87.8282699584961,
                    0.0,
                    0.0,
                    0.0,
                    0.0,
                    0.0,
                    0.0
                ],
                "extrinsics": {
                    "rotationMatrix": [
                        [
                            0.9997833371162415,
                            0.020121490582823753,
                            0.005331689026206732
                        ],
                        [
                            -0.02013220824301243,
                            0.9997953772544861,
                            0.00196435721591115
                        ],
                        [
                            -0.005291072651743889,
                            -0.002071270253509283,
                            0.9999838471412659
                        ]
                    ],
                    "specTranslation": {
                        "x": -7.5,
                        "y": 0.0,
                        "z": 0.0
                    },
                    "toCameraSocket": 2,
                    "translation": {
                        "x": -7.3771233558654785,
                        "y": 0.23111635446548462,
                        "z": 0.02729603461921215
                    }
                },
                "height": 800,
                "intrinsicMatrix": [
                    [
                        808.2711181640625,
                        0.0,
                        634.1679077148438
                    ],
                    [
                        0.0,
                        807.5339965820313,
                        407.65618896484375
                    ],
                    [
                        0.0,
                        0.0,
                        1.0
                    ]
                ],
                "lensPosition": 0,
                "specHfovDeg": 71.86000061035156,
                "width": 1280
            }
        ],
        [
            2,
            {
                "cameraType": 0,
                "distortionCoeff": [
                    -7.693194389343262,
                    51.975399017333984,
                    0.0012278045760467649,
                    -0.0006654844619333744,
                    -60.03352737426758,
                    -7.779684543609619,
                    52.25653076171875,
                    -60.08742141723633,
                    0.0,
                    0.0,
                    0.0,
                    0.0,
                    0.0,
                    0.0
                ],
                "extrinsics": {
                    "rotationMatrix": [
                        [
                            0.9999464750289917,
                            0.006831945385783911,
                            -0.007770956959575415
                        ],
                        [
                            -0.00682313134893775,
                            0.9999760389328003,
                            0.001160191954113543
                        ],
                        [
                            0.007778697181493044,
                            -0.0011071076150983572,
                            0.9999691247940063
                        ]
                    ],
                    "specTranslation": {
                        "x": 3.75,
                        "y": 0.0,
                        "z": 0.0
                    },
                    "toCameraSocket": 0,
                    "translation": {
                        "x": 3.6256332397460938,
                        "y": -0.04451398551464081,
                        "z": -0.07621774077415466
                    }
                },
                "height": 800,
                "intrinsicMatrix": [
                    [
                        810.8751220703125,
                        0.0,
                        661.3380737304688
                    ],
                    [
                        0.0,
                        810.2493286132813,
                        413.0704650878906
                    ],
                    [
                        0.0,
                        0.0,
                        1.0
                    ]
                ],
                "lensPosition": 0,
                "specHfovDeg": 71.86000061035156,
                "width": 1280
            }
        ]
    ],
    "hardwareConf": "",
    "imuExtrinsics": {
        "rotationMatrix": [
            [
                0.0,
                0.0,
                0.0
            ],
            [
                0.0,
                0.0,
                0.0
            ],
            [
                0.0,
                0.0,
                0.0
            ]
        ],
        "specTranslation": {
            "x": 0.0,
            "y": 0.0,
            "z": 0.0
        },
        "toCameraSocket": -1,
        "translation": {
            "x": 0.0,
            "y": 0.0,
            "z": 0.0
        }
    },
    "miscellaneousData": [],
    "productName": "",
    "stereoRectificationData": {
        "leftCameraSocket": 1,