{
    "batchName": "",
    "batchTime": 0,
    "boardConf": "",
    "boardCustom": "",
    "boardName": "VERMEER",
    "boardOptions": 0,
    "boardRev": "R0M0E0",
    "cameraData": [
        [
            3,
            {
                "cameraType": 1,
                "distortionCoeff": [
                    -0.02117411606013775,
                    0.0017777058528736234,
                    -0.005557452794164419,
                    0.0016840663738548756
                ],
                "extrinsics": {
                    "rotationMatrix": [],
                    "specTranslation": {
                        "x": 0.0,
                        "y": 0.0,
                        "z": 0.0
                    },
                    "toCameraSocket": -1,
                    "translation": {
                        "x": 0.0,
                        "y": 0.0,
                        "z": 0.0
                    }
                },
                "height": 1200,
                "intrinsicMatrix": [
                    [
                        893.7486572265625,
                        0.0,
                        956.9407348632813
                    ],
                    [
                        0.0,
                        895.4296875,
                        583.023193359375
                    ],
                    [
                        0.0,
                        0.0,
                        1.0
                    ]
                ],
                "lensPosition": 0,
                "specHfovDeg": 71.86000061035156,
                "width": 1920
            }
        ],
        [
            1,
            {
                "cameraType": 1,
                "distortionCoeff": [
                    -0.020098479464650154,
                    -0.010892045684158802,
                    0.011254078708589077,
                    -0.005769535433501005
                ],
                "extrinsics": {
                    "rotationMatrix": [
                        [
                            0.9999996423721313,
                            0.0007862921920605004,
                            0.0003148876130580902
                        ],
                        [
                            -0.0007851373520679772,
                            0.9999930262565613,
                            -0.0036509097553789616
                        ],
                        [
                            -0.00031775611569173634,
                            0.0036506610922515392,
                            0.9999932646751404
                        ]
                    ],
                    "specTranslation": {
                        "x": 0.0,
                        "y": -4.0,
                        "z": 0.0
                    },
                    "toCameraSocket": 3,
                    "translation": {
                        "x": 0.12908053398132324,
                        "y": -3.988628625869751,
                        "z": -0.4151541590690613
                    }
                },
                "height": 1200,
                "intrinsicMatrix": [
                    [
                        903.1558837890625,
                        0.0,
                        942.2626342773438
                    ],
                    [
                        0.0,
                        904.902587890625,
                        593.6405639648438
                    ],
                    [
                        0.0,
                        0.0,
                        1.0
                    ]
                ],
                "lensPosition": 0,
                "specHfovDeg": 71.86000061035156,
                "width": 1920
            }
        ],
        [
            2,
            {
                "cameraType": 1,
                "distortionCoeff": [
                    -0.021887732669711113,
                    -0.00926932692527771,
                    0.010208141058683395,
                    -0.005083581432700157
                ],
                "extrinsics": {
                    "rotationMatrix": [
                        [
                            0.9999764561653137,
                            0.0067090620286762714,
                            0.0014524850994348526
                        ],
                        [
                            -0.006713577080518007,
                            0.9999725818634033,
                            0.0031264456920325756
                        ],
                        [
                            -0.0014314698055386543,
                            -0.0031361232977360487,
                            0.9999940395355225
                        ]
                    ],
                    "specTranslation": {
                        "x": 10.0,
                        "y": 0.0,
                        "z": 0.0
                    },
                    "toCameraSocket": 1,
                    "translation": {
                        "x": 10.002445220947266,
                        "y": 0.03250285983085632,
                        "z": 0.0015249827411025763
                    }
                },
                "height": 1200,
                "intrinsicMatrix": [
                    [
                        899.2753295898438,
                        0.0,
                        972.7498168945313
                    ],
                    [
                        0.0,
                        901.0436401367188,
                        580.4827270507813
                    ],
                    [
                        0.0,
                        0.0,
                        1.0
                    ]
                ],
                "lensPosition": 0,
                "specHfovDeg": 71.86000061035156,
                "width": 1920
            }
        ]
    ],
    "hardwareConf": "",
    "imuExtrinsics": {
        "rotationMatrix": [],
        "specTranslation": {
            "x": 0.0,
            "y": 0.0,
            "z": 0.0
        },
        "toCameraSocket": -1,
        "translation": {
            "x": 0.0,
            "y": 0.0,
            "z": 0.0
        }
    },
    "miscellaneousData": [],
    "productName": "",
    "stereoRectificationData": {
        "leftCameraSocket": 1,
        "rectifiedRotationLeft": [
            [
                0.999994695186615,
                0.0032494745682924986,
                0.00015246019756887108
            ],
            [
                -0.0032492319587618113,
                0.9999935030937195,
                -0.0015649943379685283
            ],
            [
                -0.000157544607645832,
                0.001564490725286305,
                0.9999987483024597
            ]
        ],
        "rectifiedRotationRight": [
            [
                0.9999490976333618,
                0.00995793379843235,
                0.0016150960000231862
            ],
            [
                -0.009960448369383812,
                0.9999491572380066,
                0.0015567208174616098
            ],
            [
                -0.0015995122957974672,
                -0.0015727286227047443,
                0.9999974966049194
            ]
        ],
        "rightCameraSocket": 2
    },
    "version": 7
}
