{
    "batchName": "",
    "batchTime": 0,
    "boardConf": "",
    "boardCustom": "",
    "boardName": "SENSORVER",
    "boardOptions": 0,
    "boardRev": "R0M0E0",
    "cameraData": [
        [
            1,
            {
                "cameraType": 1,
                "distortionCoeff": [
                    -0.019565822556614876,
                    -0.007862161844968796,
                    0.008097696118056774,
                    -0.004768946208059788,
                    0.0,
                    0.0,
                    0.0,
                    0.0,
                    0.0,
                    0.0,
                    0.0,
                    0.0,
                    0.0,
                    0.0
                ],
                "extrinsics": {
                    "rotationMatrix": [
                        [
                            0.9999685287475586,
                            -0.0005287030362524092,
                            0.007914423942565918
                        ],
                        [
                            0.0006152840796858072,
                            0.9999399781227112,
                            -0.010941218584775925
                        ],
                        [
                            -0.007908164523541927,
                            0.010945743881165981,
                            0.9999088048934937
                        ]
                    ],
                    "specTranslation": {
                        "x": -0.0,
                        "y": 4.0,
                        "z": -0.0
                    },
                    "toCameraSocket": 3,
                    "translation": {
                        "x": 0.03725128248333931,
                        "y": -4.035864353179932,
                        "z": -0.006379805505275726
                    }
                },
                "height": 1200,
                "intrinsicMatrix": [
                    [
                        893.3656005859375,
                        0.0,
                        962.8893432617188
                    ],
                    [
                        0.0,
                        893.343505859375,
                        608.8920288085938
                    ],
                    [
                        0.0,
                        0.0,
                        1.0
                    ]
                ],
                "lensPosition": 0,
                "specHfovDeg": 71.86000061035156,
                "width": 1920
            }
        ],
        [
            2,
            {
                "cameraType": 1,
                "distortionCoeff": [
                    -0.024994654580950737,
                    0.009928911924362183,
                    -0.016388580203056335,
                    0.0059420270845294,
                    0.0,
                    0.0,
                    0.0,
                    0.0,
                    0.0,
                    0.0,
                    0.0,
                    0.0,
                    0.0,
                    0.0
                ],
                "extrinsics": {
                    "rotationMatrix": [
                        [
                            0.9999805092811584,
                            -0.005929303355515003,
                            -0.0019503311486914754
                        ],
                        [
                            0.005934611428529024,
                            0.9999786615371704,
                            0.0027272964362055063
                        ],
                        [
                            0.0019341185688972473,
                            -0.0027388175949454308,
                            0.9999943971633911
                        ]
                    ],
                    "specTranslation": {
                        "x": 10.0,
                        "y": 0.0,
                        "z": 0.0
                    },
                    "toCameraSocket": 1,
                    "translation": {
                        "x": 10.014920234680176,
                        "y": 0.009274392388761044,
                        "z": 0.03693957254290581
                    }
                },
                "height": 1200,
                "intrinsicMatrix": [
                    [
                        897.0802612304688,
                        0.0,
                        959.669189453125
                    ],
                    [
                        0.0,
                        897.3851318359375,
                        615.5842895507813
                    ],
                    [
                        0.0,
                        0.0,
                        1.0
                    ]
                ],
                "lensPosition": 0,
                "specHfovDeg": 71.86000061035156,
                "width": 1920
            }
        ],
        [
            3,
            {
                "cameraType": 1,
                "distortionCoeff": [
                    -0.020597146824002266,
                    -0.009112922474741936,
                    0.009072920307517052,
                    -0.005114396568387747,
                    0.0,
                    0.0,
                    0.0,
                    0.0,
                    0.0,
                    0.0,
                    0.0,
                    0.0,
                    0.0,
                    0.0
                ],
                "extrinsics": {
                    "rotationMatrix": [
                        [
                            0.0,
                            0.0,
                            0.0
                        ],
                        [
                            0.0,
                            0.0,
                            0.0
                        ],
                        [
                            0.0,
                            0.0,
                            0.0
                        ]
                    ],
                    "specTranslation": {
                        "x": -0.0,
                        "y": -0.0,
                        "z": -0.0
                    },
                    "toCameraSocket": -1,
                    "translation": {
                        "x": 0.0,
                        "y": 0.0,
                        "z": 0.0
                    }
                },
                "height": 1200,
                "intrinsicMatrix": [
                    [
                        898.919921875,
                        0.0,
                        959.1876220703125
                    ],
                    [
                        0.0,
                        899.0260009765625,
                        587.276611328125
                    ],
                    [
                        0.0,
                        0.0,
                        1.0
                    ]
                ],
                "lensPosition": 0,
                "specHfovDeg": 71.86000061035156,
                "width": 1920
            }
        ]
    ],
    "hardwareConf": "",
    "imuExtrinsics": {
        "rotationMatrix": [
            [
                0.0,
                0.0,
                0.0
            ],
            [
                0.0,
                0.0,
                0.0
            ],
            [
                0.0,
                0.0,
                0.0
            ]
        ],
        "specTranslation": {
            "x": 0.0,
            "y": 0.0,
            "z": 0.0
        },
        "toCameraSocket": -1,
        "translation": {
            "x": 0.0,
            "y": 0.0,
            "z": 0.0
        }
    },
    "miscellaneousData": [],
    "productName": "",
    "stereoRectificationData": {
        "leftCameraSocket": 1,