{
    "batchName": "",
    "batchTime": 0,
    "boardConf": "",
    "boardCustom": "",
    "boardName": "TESTVER",
    "boardOptions": 0,
    "boardRev": "R0M0E0",
    "cameraData": [
        [
            3,
            {
                "cameraType": 1,
                "distortionCoeff": [
                    -0.019355548545718193,
                    -0.0046087270602583885,
                    -0.0013901775237172842,
                    0.0008387348498217762,
                    0.0,
                    0.0,
                    0.0,
                    0.0,
                    0.0,
                    0.0,
                    0.0,
                    0.0,
                    0.0,
                    0.0
                ],
                "extrinsics": {
                    "rotationMatrix": [
                        [
                            0.0,
                            0.0,
                            0.0
                        ],
                        [
                            0.0,
                            0.0,
                            0.0
                        ],
                        [
                            0.0,
                            0.0,
                            0.0
                        ]
                    ],
                    "specTranslation": {
                        "x": -0.0,
                        "y": -0.0,
                        "z": -0.0
                    },
                    "toCameraSocket": -1,
                    "translation": {
                        "x": 0.0,
                        "y": 0.0,
                        "z": 0.0
                    }
                },
                "height": 1200,
                "intrinsicMatrix": [
                    [
                        903.0346069335938,
                        0.0,
                        931.6588134765625
                    ],
                    [
                        0.0,
                        904.9647216796875,
                        618.1196899414063
                    ],
                    [
                        0.0,
                        0.0,
                        1.0
                    ]
                ],
                "lensPosition": 0,
                "specHfovDeg": 71.86000061035156,
                "width": 1920
            }
        ],
        [
            2,
            {
                "cameraType": 1,
                "distortionCoeff": [
                    -0.02011842280626297,
                    0.0009630261920392513,
                    -0.007195512298494577,
                    0.002936355071142316,
                    0.0,
                    0.0,
                    0.0,
                    0.0,
                    0.0,
                    0.0,
                    0.0,
                    0.0,
                    0.0,
                    0.0
                ],
                "extrinsics": {
                    "rotationMatrix": [
                        [
                            0.9998612999916077,
                            0.01656932942569256,
                            0.0016990344738587737
                        ],
                        [
                            -0.016576237976551056,
                            0.9998540282249451,
                            0.0041360617615282536
                        ],
                        [
                            -0.0016302547883242369,
                            -0.0041636512614786625,
                            0.9999899864196777
                        ]
                    ],
                    "specTranslation": {
                        "x": 10.0,
                        "y": 0.0,
                        "z": 0.0
                    },
                    "toCameraSocket": 1,
                    "translation": {
                        "x": 10.080470085144043,
                        "y": -0.19209939241409302,
                        "z": 0.05502935126423836
                    }
                },
                "height": 1200,
                "intrinsicMatrix": [
                    [
                        897.6530151367188,
                        0.0,
                        925.6857299804688
                    ],
                    [
                        0.0,
                        899.7147827148438,
                        606.79296875
                    ],
                    [
                        0.0,
                        0.0,
                        1.0
                    ]
                ],
                "lensPosition": 0,
                "specHfovDeg": 71.86000061035156,
                "width": 1920
            }
        ],
        [
            1,
            {
                "cameraType": 1,
                "distortionCoeff": [
                    -0.020941153168678284,
                    -0.00309302331879735,
                    -0.0012850172352045774,
                    0.00040170273859985173,
                    0.0,
                    0.0,
                    0.0,
                    0.0,
                    0.0,
                    0.0,
                    0.0,
                    0.0,
                    0.0,
                    0.0
                ],
                "extrinsics": {
                    "rotationMatrix": [
                        [
                            0.999845027923584,
                            -0.01753327064216137,
                            -0.0015849340707063675
                        ],
                        [
                            0.017521966248750687,
                            0.9998227953910828,
                            -0.0068856580182909966
                        ],
                        [
                            0.0017053812043741345,
                            0.006856820080429316,
                            0.9999750256538391
                        ]
                    ],
                    "specTranslation": {
                        "x": -0.0,
                        "y": 4.0,
                        "z": -0.0
                    },
                    "toCameraSocket": 3,
                    "translation": {
                        "x": -0.010849419981241226,
                        "y": -4.033392906188965,
                        "z": 0.0301107969135046
                    }
                },
                "height": 1200,
                "intrinsicMatrix": [
                    [
                        897.598876953125,
                        0.0,
                        968.1079711914063
                    ],
                    [
                        0.0,
                        899.7970581054688,
                        586.8914794921875
                    ],
                    [
                        0.0,
                        0.0,
                        1.0
                    ]
                ],
                "lensPosition": 0,
                "specHfovDeg": 71.86000061035156,
                "width": 1920
            }
        ]
    ],
    "hardwareConf": "",
    "imuExtrinsics": {
        "rotationMatrix": [
            [
                0.0,
                0.0,
                0.0
            ],
            [
                0.0,
                0.0,
                0.0
            ],
            [
                0.0,
                0.0,
                0.0
            ]
        ],
        "specTranslation": {
            "x": 0.0,
            "y": 0.0,
            "z": 0.0
        },
        "toCameraSocket": -1,
        "translation": {
            "x": 0.0,
            "y": 0.0,
            "z": 0.0
        }
    },
    "miscellaneousData": [],
    "productName": "",
    "stereoRectificationData": {
        "leftCameraSocket": 1,