{
    "batchName": "",
    "batchTime": 0,
    "boardConf": "nIR-C00M00-00",
    "boardCustom": "",
    "boardName": "BK3389-VE",
    "boardOptions": 0,
    "boardRev": "R0M0E0",
    "cameraData": [
        [
            2,
            {
                "cameraType": 1,
                "distortionCoeff": [
                    -0.01909494400024414,
                    0.024740608409047127,
                    -0.0432572178542614,
                    0.014759747311472893
                ],
                "extrinsics": {
                    "rotationMatrix": [
                        [
                            0.9999837279319763,
                            0.00402096239849925,
                            0.004044654779136181
                        ],
                        [
                            -0.004031420685350895,
                            0.9999885559082031,
                            0.0025809332728385925
                        ],
                        [
                            -0.00403423048555851,
                            -0.0025971971917897463,
                            0.9999884963035583
                        ]
                    ],
                    "specTranslation": {
                        "x": 10.0,
                        "y": 0.0,
                        "z": 0.0
                    },
                    "toCameraSocket": 1,
                    "translation": {
                        "x": 9.972892761230469,
                        "y": -0.06596662104129791,
                        "z": -0.1444740742444992
                    }
                },
                "height": 1200,
                "intrinsicMatrix": [
                    [
                        892.1967163085938,
                        0.0,
                        947.5770874023438
                    ],
                    [
                        0.0,
                        877.2149658203125,
                        603.798583984375
                    ],
                    [
                        0.0,
                        0.0,
                        1.0
                    ]
                ],
                "lensPosition": 0,
                "specHfovDeg": 71.86000061035156,
                "width": 1920
            }
        ],
        [
            3,
            {
                "cameraType": 1,
                "distortionCoeff": [
                    -0.03936552256345749,
                    0.10983831435441971,
                    -0.18144594132900238,
                    0.08928076922893524
                ],
                "extrinsics": {
                    "rotationMatrix": [
                        [
                            0.0,
                            0.0,
                            0.0
                        ],
                        [
                            0.0,
                            0.0,
                            0.0
                        ],
                        [
                            0.0,
                            0.0,
                            0.0
                        ]
                    ],
                    "specTranslation": {
                        "x": 0.0,
                        "y": 0.0,
                        "z": 0.0
                    },
                    "toCameraSocket": -1,
                    "translation": {
                        "x": 0.0,
                        "y": 0.0,
                        "z": 0.0
                    }
                },
                "height": 1200,
                "intrinsicMatrix": [
                    [
                        890.8367919921875,
                        0.0,
                        956.6256103515625
                    ],
                    [
                        0.0,
                        876.8797607421875,
                        606.7423095703125
                    ],
                    [
                        0.0,
                        0.0,
                        1.0
                    ]
                ],
                "lensPosition": 0,
                "specHfovDeg": 71.86000061035156,
                "width": 1920
            }
        ],
        [
            1,
            {
                "cameraType": 1,
                "distortionCoeff": [
                    -0.029841115698218346,
                    0.07516162097454071,
                    -0.1299070119857788,
                    0.0634649246931076
                ],
                "extrinsics": {
                    "rotationMatrix": [
                        [
                            0.9999935030937195,
                            -0.003187295515090227,
                            0.0016745750326663256
                        ],
                        [
                            0.0031956590246409178,
                            0.9999822974205017,
                            -0.005015685688704252
                        ],
                        [
                            -0.0016585589619353414,
                            0.0050210049375891685,
                            0.9999859929084778
                        ]
                    ],
                    "specTranslation": {
                        "x": 0.0,
                        "y": -4.0,
                        "z": 0.0
                    },
                    "toCameraSocket": 3,
                    "translation": {
                        "x": 0.00994468480348587,
                        "y": -4.095342636108398,
                        "z": 0.09708940237760544
                    }
                },
                "height": 1200,
                "intrinsicMatrix": [
                    [
                        890.110595703125,
                        0.0,
                        965.9346923828125
                    ],
                    [
                        0.0,
                        875.8080444335938,
                        588.8455200195313
                    ],
                    [
                        0.0,
                        0.0,
                        1.0
                    ]
                ],
                "lensPosition": 0,
                "specHfovDeg": 71.86000061035156,
                "width": 1920
            }
        ]
    ],
    "hardwareConf": "F0-FV00-BC000",
    "imuExtrinsics": {
        "rotationMatrix": [
            [
                0.0,
                0.0,
                0.0
            ],
            [
                0.0,
                0.0,
                0.0
            ],
            [
                0.0,
                0.0,
                0.0
            ]
        ],
        "specTranslation": {
            "x": 0.0,
            "y": 0.0,
            "z": 0.0
        },
        "toCameraSocket": -1,
        "translation": {
            "x": 0.0,
            "y": 0.0,
            "z": 0.0
        }
    },
    "miscellaneousData": [],
    "productName": "BK3389-VE",
    "stereoRectificationData": {
        "leftCameraSocket": 1,
        "rectifiedRotationLeft": [
            [
                0.9998732209205627,
                -0.006613753270357847,
                -0.014484839513897896
            ],
            [
                0.0065951114520430565,
                0.9999773502349854,
                -0.0013343942118808627
            ],
            [
                0.014493336901068687,
                0.0012386959278956056,
                0.9998942017555237
            ]
        ],
        "rectifiedRotationRight": [
            [
                0.9999420642852783,
                -0.0025556052569299936,
                -0.010457600466907024
            ],
            [
                0.0025690579786896706,
                0.9999958872795105,
                0.0012731710448861122
            ],
            [
                0.010454303584992886,
                -0.0012999634491279721,
                0.9999445080757141
            ]
        ],