{
    "batchName": "",
    "batchTime": 0,
    "boardConf": "",
    "boardCustom": "",
    "boardName": "TESTVER",
    "boardOptions": 0,
    "boardRev": "R0M0E0",
    "cameraData": [
        [
            3,
            {
                "cameraType": 1,
                "distortionCoeff": [
                    -0.024422841146588326,
                    0.004132876172661781,
                    -0.010505065321922302,
                    0.004508973564952612
                ],
                "extrinsics": {
                    "rotationMatrix": [],
                    "specTranslation": {
                        "x": 0.0,
                        "y": 0.0,
                        "z": 0.0
                    },
                    "toCameraSocket": -1,
                    "translation": {
                        "x": 0.0,
                        "y": 0.0,
                        "z": 0.0
                    }
                },
                "height": 1200,
                "intrinsicMatrix": [
                    [
                        901.7806396484375,
                        0.0,
                        934.5534057617188
                    ],
                    [
                        0.0,
                        903.06396484375,
                        613.747314453125
                    ],
                    [
                        0.0,
                        0.0,
                        1.0
                    ]
                ],
                "lensPosition": 0,
                "specHfovDeg": 71.86000061035156,
                "width": 1920
            }
        ],
        [
            1,
            {
                "cameraType": 1,
                "distortionCoeff": [
                    -0.025539178401231766,
                    0.0032365936785936356,
                    -0.007094942964613438,
                    0.00264677032828331
                ],
                "extrinsics": {
                    "rotationMatrix": [
                        [
                            0.9998465180397034,
                            -0.01740684174001217,
                            -0.001999795436859131
                        ],
                        [
                            0.017393585294485092,
                            0.9998278021812439,
                            -0.006464861799031496
                        ],
                        [
                            0.0021119839511811733,
                            0.00642908550798893,
                            0.9999771118164063
                        ]
                    ],
                    "specTranslation": {
                        "x": 0.0,
                        "y": -4.0,
                        "z": 0.0
                    },
                    "toCameraSocket": 3,
                    "translation": {
                        "x": -0.01571469008922577,
                        "y": -3.9898195266723633,
                        "z": 0.00212242198176682
                    }
                },
                "height": 1200,
                "intrinsicMatrix": [
                    [
                        896.9834594726563,
                        0.0,
                        970.1818237304688
                    ],
                    [
                        0.0,
                        898.5718383789063,
                        583.2320556640625
                    ],
                    [
                        0.0,
                        0.0,
                        1.0
                    ]
                ],
                "lensPosition": 0,
                "specHfovDeg": 71.86000061035156,
                "width": 1920
            }
        ],
        [
            2,
            {
                "cameraType": 1,
                "distortionCoeff": [
                    -0.02648371085524559,
                    0.006914553232491016,
                    -0.01046282984316349,
                    0.0034256791695952415
                ],
                "extrinsics": {
                    "rotationMatrix": [
                        [
                            0.9998610019683838,
                            0.016219303011894226,
                            0.0038622438441962004
                        ],
                        [
                            -0.016230305656790733,
                            0.9998642802238464,
                            0.0028346453327685595
                        ],
                        [
                            -0.0038157436065375805,
                            -0.002896936610341072,
                            0.9999884963035583
                        ]
                    ],
                    "specTranslation": {
                        "x": 10.0,
                        "y": 0.0,
                        "z": 0.0
                    },
                    "toCameraSocket": 1,
                    "translation": {
                        "x": 10.051825523376465,
                        "y": -0.22201241552829742,
                        "z": -0.05181528255343437
                    }
                },
                "height": 1200,
                "intrinsicMatrix": [
                    [
                        899.051513671875,
                        0.0,
                        929.7096557617188
                    ],
                    [
                        0.0,
                        900.661376953125,
                        602.063232421875
                    ],
                    [
                        0.0,
                        0.0,
                        1.0
                    ]
                ],
                "lensPosition": 0,
                "specHfovDeg": 71.86000061035156,
                "width": 1920
            }
        ]
    ],
    "hardwareConf": "",
    "imuExtrinsics": {
        "rotationMatrix": [],
        "specTranslation": {
            "x": 0.0,
            "y": 0.0,
            "z": 0.0
        },
        "toCameraSocket": -1,
        "translation": {
            "x": 0.0,
            "y": 0.0,
            "z": 0.0
        }
    },
    "miscellaneousData": [],
    "productName": "",
    "stereoRectificationData": {
        "leftCameraSocket": 1,
        "rectifiedRotationLeft": [
            [
                0.9997429251670837,
                -0.022081095725297928,
                -0.00515348743647337
            ],
            [
                0.022073687985539436,
                0.9997552633285522,
                -0.0014900782844051719
            ],
            [
                0.005185128655284643,
                0.00137593864928931,
                0.9999856352806091
            ]
        ],
        "rectifiedRotationRight": [
            [
                0.9999819993972778,
                -0.0058480361476540565,
                -0.0013547695707529783
            ],
            [
                0.0058499714359641075,
                0.9999818801879883,
                0.0014291442930698395
            ],
            [
                0.0013463873183354735,
                -0.0014370438875630498,
                0.9999980330467224
            ]
        ],
        "rightCameraSocket": 2
    },
    "version": 7
}
