{
    "batchName": "",
    "batchTime": 0,
    "boardConf": "",
    "boardCustom": "",
    "boardName": "VERMEER",
    "boardOptions": 0,
    "boardRev": "R0M0E0",
    "cameraData": [
        [
            3,
            {
                "cameraType": 1,
                "distortionCoeff": [
                    -0.015583093278110027,
                    -0.014772146940231323,
                    0.013118992559611797,
                    -0.005597800016403198,
                    0.0,
                    0.0,
                    0.0,
                    0.0,
                    0.0,
                    0.0,
                    0.0,
                    0.0,
                    0.0,
                    0.0
                ],
                "extrinsics": {
                    "rotationMatrix": [
                        [
                            0.0,
                            0.0,
                            0.0
                        ],
                        [
                            0.0,
                            0.0,
                            0.0
                        ],
                        [
                            0.0,
                            0.0,
                            0.0
                        ]
                    ],
                    "specTranslation": {
                        "x": -0.0,
                        "y": -0.0,
                        "z": -0.0
                    },
                    "toCameraSocket": -1,
                    "translation": {
                        "x": 0.0,
                        "y": 0.0,
                        "z": 0.0
                    }
                },
                "height": 1200,
                "intrinsicMatrix": [
                    [
                        897.2750244140625,
                        0.0,
                        1016.0152587890625
                    ],
                    [
                        0.0,
                        899.6138305664063,
                        575.859619140625
                    ],
                    [
                        0.0,
                        0.0,
                        1.0
                    ]
                ],
                "lensPosition": 0,
                "specHfovDeg": 71.86000061035156,
                "width": 1920
            }
        ],
        [
            2,
            {
                "cameraType": 1,
                "distortionCoeff": [
                    -0.01836673729121685,
                    -0.010100357234477997,
                    0.006231951992958784,
                    -0.0021951524540781975,
                    0.0,
                    0.0,
                    0.0,
                    0.0,
                    0.0,
                    0.0,
                    0.0,
                    0.0,
                    0.0,
                    0.0
                ],
                "extrinsics": {
                    "rotationMatrix": [
                        [
                            0.9999998211860657,
                            0.0004147543222643435,
                            -0.00044684228487312794
                        ],
                        [
                            -0.00041101270471699536,
                            0.9999651312828064,
                            0.008341305889189243
                        ],
                        [
                            0.0004502862866502255,
                            -0.008341120555996895,
                            0.9999651312828064
                        ]
                    ],
                    "specTranslation": {
                        "x": 10.0,
                        "y": 0.0,
                        "z": 0.0
                    },
                    "toCameraSocket": 1,
                    "translation": {
                        "x": 10.073780059814453,
                        "y": 0.044557806104421616,
                        "z": -0.03389739990234375
                    }
                },
                "height": 1200,
                "intrinsicMatrix": [
                    [
                        900.3895874023438,
                        0.0,
                        942.2020874023438
                    ],
                    [
                        0.0,
                        902.5826416015625,
                        611.1866455078125
                    ],
                    [
                        0.0,
                        0.0,
                        1.0
                    ]
                ],
                "lensPosition": 0,
                "specHfovDeg": 71.86000061035156,
                "width": 1920
            }
        ],
        [
            1,
            {
                "cameraType": 1,
                "distortionCoeff": [
                    -0.016758324578404427,
                    -0.014181222766637802,
                    0.011923087760806084,
                    -0.005012403707951307,
                    0.0,
                    0.0,
                    0.0,
                    0.0,
                    0.0,
                    0.0,
                    0.0,
                    0.0,
                    0.0,
                    0.0
                ],
                "extrinsics": {
                    "rotationMatrix": [
                        [
                            0.9999799132347107,
                            0.006333391647785902,
                            0.000258172454778105
                        ],
                        [
                            -0.006332695949822664,
                            0.9999765157699585,
                            -0.002611703472211957
                        ],
                        [
                            -0.00027470733039081097,
                            0.0026100161485373974,
                            0.999996542930603
                        ]
                    ],
                    "specTranslation": {
                        "x": -0.0,
                        "y": 4.0,
                        "z": -0.0
                    },
                    "toCameraSocket": 3,
                    "translation": {
                        "x": -0.05455785244703293,
                        "y": -4.039795398712158,
                        "z": -0.046082932502031326
                    }
                },
                "height": 1200,
                "intrinsicMatrix": [
                    [
                        901.1049194335938,
                        0.0,
                        988.4622802734375
                    ],
                    [
                        0.0,
                        903.1468505859375,
                        587.8438110351563
                    ],
                    [
                        0.0,
                        0.0,
                        1.0
                    ]
                ],
                "lensPosition": 0,
                "specHfovDeg": 71.86000061035156,
                "width": 1920
            }
        ]
    ],
    "hardwareConf": "",
    "imuExtrinsics": {
        "rotationMatrix": [
            [
                0.0,
                0.0,
                0.0
            ],
            [
                0.0,
                0.0,
                0.0
            ],
            [
                0.0,
                0.0,
                0.0
            ]
        ],
        "specTranslation": {
            "x": 0.0,
            "y": 0.0,
            "z": 0.0
        },
        "toCameraSocket": -1,
        "translation": {
            "x": 0.0,
            "y": 0.0,
            "z": 0.0
        }
    },
    "miscellaneousData": [],
    "productName": "",
    "stereoRectificationData": {
        "leftCameraSocket": 1,