{
    "batchName": "",
    "batchTime": 0,
    "boardConf": "",
    "boardCustom": "",
    "boardName": "TESTVER",
    "boardOptions": 0,
    "boardRev": "R0M0E0",
    "cameraData": [
        [
            1,
            {
                "cameraType": 1,
                "distortionCoeff": [
                    -0.023804616183042526,
                    -0.001616241759620607,
                    -0.0004449581610970199,
                    -0.0003003572637680918
                ],
                "extrinsics": {
                    "rotationMatrix": [],
                    "specTranslation": {
                        "x": 0.0,
                        "y": 0.0,
                        "z": 0.0
                    },
                    "toCameraSocket": -1,
                    "translation": {
                        "x": 0.0,
                        "y": 0.0,
                        "z": 0.0
                    }
                },
                "height": 1200,
                "intrinsicMatrix": [
                    [
                        899.2993774414063,
                        0.0,
                        943.7025756835938
                    ],
                    [
                        0.0,
                        900.7149047851563,
                        595.269287109375
                    ],
                    [
                        0.0,
                        0.0,
                        1.0
                    ]
                ],
                "lensPosition": 0,
                "specHfovDeg": 71.86000061035156,
                "width": 1920
            }
        ],
        [
            2,
            {
                "cameraType": 1,
                "distortionCoeff": [
                    -0.024010082706809044,
                    -0.0028225646819919348,
                    0.0018943492323160172,
                    -0.0012890436919406056
                ],
                "extrinsics": {
                    "rotationMatrix": [
                        [
                            0.9999770522117615,
                            0.006692348513752222,
                            0.001040067640133202
                        ],
                        [
                            -0.006694416049867868,
                            0.9999756217002869,
                            0.0019976417534053326
                        ],
                        [
                            -0.0010266733588650823,
                            -0.0020045586861670017,
                            0.9999974370002747
                        ]
                    ],
                    "specTranslation": {
                        "x": 10.0,
                        "y": 0.0,
                        "z": 0.0
                    },
                    "toCameraSocket": 1,
                    "translation": {
                        "x": 9.925649642944336,
                        "y": -0.017135128378868103,
                        "z": 0.07217395305633545
                    }
                },
                "height": 1200,
                "intrinsicMatrix": [
                    [
                        894.7442016601563,
                        0.0,
                        973.3405151367188
                    ],
                    [
                        0.0,
                        896.1013793945313,
                        580.9141845703125
                    ],
                    [
                        0.0,
                        0.0,
                        1.0
                    ]
                ],
                "lensPosition": 0,
                "specHfovDeg": 71.86000061035156,
                "width": 1920
            }
        ]
    ],
    "hardwareConf": "",
    "imuExtrinsics": {
        "rotationMatrix": [],
        "specTranslation": {
            "x": 0.0,
            "y": 0.0,
            "z": 0.0
        },
        "toCameraSocket": -1,
        "translation": {
            "x": 0.0,
            "y": 0.0,
            "z": 0.0
        }
    },
    "miscellaneousData": [],
    "productName": "",
    "stereoRectificationData": {
        "leftCameraSocket": 1,
        "rectifiedRotationLeft": [
            [
                0.9999720454216003,
                -0.0017263001063838601,
                0.00727125583216548
            ],
            [
                0.0017336662858724594,
                0.9999979734420776,
                -0.0010068692499771714
            ],
            [
                -0.007269503083080053,
                0.0010194469941779971,
                0.9999730587005615
            ]
        ],
        "rectifiedRotationRight": [
            [
                0.9999532103538513,
                0.004951327573508024,
                0.00830782763659954
            ],
            [
                -0.004959742538630962,
                0.9999871850013733,
                0.0009925742633640766
            ],
            [
                -0.008302806876599789,
                -0.0010337324347347021,
                0.9999650120735168
            ]
        ],
        "rightCameraSocket": 2
    },
    "version": 7
}
