{
    "batchName": "",
    "batchTime": 0,
    "boardConf": "",
    "boardCustom": "",
    "boardName": "SENSORVER",
    "boardOptions": 0,
    "boardRev": "R0M0E0",
    "cameraData": [
        [
            1,
            {
                "cameraType": 1,
                "distortionCoeff": [
                    -0.023083064705133438,
                    -0.0012095952406525612,
                    0.002064727246761322,
                    -0.002440083771944046
                ],
                "extrinsics": {
                    "rotationMatrix": [
                        [
                            0.999963104724884,
                            -0.0005124055314809084,
                            0.008576965890824795
                        ],
                        [
                            0.0006206241087056696,
                            0.9999201893806458,
                            -0.012619446963071823
                        ],
                        [
                            -0.008569815196096897,
                            0.012624304741621017,
                            0.9998835921287537
                        ]
                    ],
                    "specTranslation": {
                        "x": 0.0,
                        "y": -4.0,
                        "z": 0.0
                    },
                    "toCameraSocket": 3,
                    "translation": {
                        "x": 0.05995217338204384,
                        "y": -4.133295059204102,
                        "z": 0.048647213727235794
                    }
                },
                "height": 1200,
                "intrinsicMatrix": [
                    [
                        892.7846069335938,
                        0.0,
                        963.85888671875
                    ],
                    [
                        0.0,
                        888.7118530273438,
                        606.0567626953125
                    ],
                    [
                        0.0,
                        0.0,
                        1.0
                    ]
                ],
                "lensPosition": 0,
                "specHfovDeg": 71.86000061035156,
                "width": 1920
            }
        ],
        [
            0,
            {
                "cameraType": 0,
                "distortionCoeff": [
                    26.30562400817871,
                    38.08218002319336,
                    -0.0010828075464814901,
                    -0.00012154420255683362,
                    -182.83050537109375,
                    26.50543212890625,
                    33.20664596557617,
                    -172.6678924560547,
                    0.0,
                    0.0,
                    0.0,
                    0.0,
                    0.0,
                    0.0
                ],
                "extrinsics": {
                    "rotationMatrix": [
                        [
                            0.0,
                            0.0,
                            0.0
                        ],
                        [
                            0.0,
                            0.0,
                            0.0
                        ],
                        [
                            0.0,
                            0.0,
                            0.0
                        ]
                    ],
                    "specTranslation": {
                        "x": 0.0,
                        "y": 0.0,
                        "z": 0.0
                    },
                    "toCameraSocket": -1,
                    "translation": {
                        "x": 0.0,
                        "y": 0.0,
                        "z": 0.0
                    }
                },
                "height": 1080,
                "intrinsicMatrix": [
                    [
                        1517.14501953125,
                        0.0,
                        962.7555541992188
                    ],
                    [
                        0.0,
                        1513.5460205078125,
                        503.0638427734375
                    ],
                    [
                        0.0,
                        0.0,
                        1.0
                    ]
                ],
                "lensPosition": 50,
                "specHfovDeg": 68.7938003540039,
                "width": 1920
            }
        ],
        [
            3,
            {
                "cameraType": 1,
                "distortionCoeff": [
                    -0.026688218116760254,
                    0.006959380116313696,
                    -0.007424912881106138,
                    0.0013018609024584293
                ],
                "extrinsics": {
                    "rotationMatrix": [
                        [
                            0.0,
                            0.0,
                            0.0
                        ],
                        [
                            0.0,
                            0.0,
                            0.0
                        ],
                        [
                            0.0,
                            0.0,
                            0.0
                        ]
                    ],
                    "specTranslation": {
                        "x": -0.0,
                        "y": -0.0,
                        "z": -0.0
                    },
                    "toCameraSocket": -1,
                    "translation": {
                        "x": 0.0,
                        "y": 0.0,
                        "z": 0.0
                    }
                },
                "height": 1200,
                "intrinsicMatrix": [
                    [
                        898.6912231445313,
                        0.0,
                        960.4677124023438
                    ],
                    [
                        0.0,
                        895.0974731445313,
                        586.9688110351563
                    ],
                    [
                        0.0,
                        0.0,
                        1.0
                    ]
                ],
                "lensPosition": 0,
                "specHfovDeg": 71.86000061035156,
                "width": 1920
            }
        ],
        [
            2,
            {
                "cameraType": 1,
                "distortionCoeff": [
                    -0.024363519623875618,
                    0.004751410335302353,
                    -0.008584879338741302,
                    0.0032290432136505842
                ],
                "extrinsics": {
                    "rotationMatrix": [
                        [
                            0.9999821782112122,
                            -0.005953566636890173,
                            -0.0004387666704133153
                        ],
                        [
                            0.0059554604813456535,
                            0.9999723434448242,
                            0.004449604544788599
                        ],
                        [
                            0.00041226352914236486,
                            -0.004452138673514128,
                            0.9999899864196777
                        ]
                    ],
                    "specTranslation": {
                        "x": 10.0,
                        "y": 0.0,
                        "z": 0.0
                    },
                    "toCameraSocket": 1,
                    "translation": {
                        "x": 10.118317604064941,
                        "y": 0.02594081684947014,
                        "z": 0.05372869223356247
                    }
                },
                "height": 1200,