{
	"class_name" : "PinholeCameraParameters",
	"extrinsic" : 
	[
		-0.2476267921483235,
		0.87137035236609806,
		-0.42355009246571201,
		0.0,
		0.69849982478240003,
		0.4635125398985766,
		0.54521016143843759,
		0.0,
		0.67140074961924767,
		-0.16084102205019926,
		-0.72343016182390385,
		0.0,
		-0.15824060329771861,
		-0.16553990370024102,
		1.1864338967058221,
		1.0
	],
	"intrinsic" : 
	{
		"height" : 1080,
		"intrinsic_matrix" : 
		[
			935.30743608719376,
			0.0,
			0.0,
			0.0,
			935.30743608719376,
			0.0,
			959.5,
			539.5,
			1.0
		],
		"width" : 1920
	},
	"version_major" : 1,
	"version_minor" : 0
}