{
  "width": 1280,
  "height": 720,
  "intrinsic_matrix": [
    862.911011,
    0.000000,
    626.155884,
    0.000000,
    861.774353,
    400.832611,
    0.000000,
    0.000000,
    1.000000
  ]
}