{
    "boardName": "test",
    "boardRev": "V0.1",
    "cameraData": [
        [
            1,
            {
                "cameraType": 0,
                "distortionCoeff": [
                    25.68670654296875,
                    32.29879379272461,
                    -0.0008379412465728819,
                    -0.004450191278010607,
                    -292.4377746582031,
                    26.07563018798828,
                    53.05693435668945,
                    -471.0384216308594,
                    0.0,
                    0.0,
                    0.0,
                    0.0,
                    0.0,
                    0.0
                ],
                "extrinsics": {
                    "rotationMatrix": [
                        [
                            0.9999667406082153,
                            0.004773718770593405,
                            0.006614923942834139
                        ],
                        [
                            -0.004740998614579439,
                            0.9999765157699585,
                            -0.004953307565301657
                        ],
                        [
                            -0.006638414226472378,
                            0.0049217818304896355,
                            0.9999658465385437
                        ]
                    ],
                    "specTranslation": {
                        "x": -13.800000190734863,
                        "y": 0.0,
                        "z": 0.0
                    },
                    "toCameraSocket": 2,
                    "translation": {
                        "x": -13.128671646118164,
                        "y": 0.6738868355751038,
                        "z": -0.0495152622461319
                    }
                },
                "height": 800,
                "intrinsicMatrix": [
                    [
                        3440.81396484375,
                        0.0,
                        711.5083618164063
                    ],
                    [
                        0.0,
                        3453.443603515625,
                        455.8575439453125
                    ],
                    [
                        0.0,
                        0.0,
                        1.0
                    ]
                ],
                "lensPosition": 0,
                "specHfovDeg": 80.0,
                "width": 1280
            }
        ],
        [
            2,
            {
                "cameraType": 0,
                "distortionCoeff": [
                    322.7922668457031,
                    25.850669860839844,
                    -0.002138842362910509,
                    -0.0006567109958268702,
                    -540.573974609375,
                    323.18133544921875,
                    183.86061096191406,
                    -590.8778076171875,
                    0.0,
                    0.0,
                    0.0,
                    0.0,
                    0.0,
                    0.0
                ],
                "extrinsics": {
                    "rotationMatrix": [
                        [
                            0.0,
                            0.0,
                            0.0
                        ],
                        [
                            0.0,
                            0.0,
                            0.0
                        ],
                        [
                            0.0,
                            0.0,
                            0.0
                        ]
                    ],
                    "specTranslation": {
                        "x": -0.0,
                        "y": -0.0,
                        "z": -0.0
                    },
                    "toCameraSocket": -1,
                    "translation": {
                        "x": 0.0,
                        "y": 0.0,
                        "z": 0.0
                    }
                },
                "height": 800,
                "intrinsicMatrix": [
                    [
                        3457.82177734375,
                        0.0,
                        690.8322143554688
                    ],
                    [
                        0.0,
                        3468.648681640625,
                        472.0533142089844
                    ],
                    [
                        0.0,
                        0.0,
                        1.0
                    ]
                ],
                "lensPosition": 0,
                "specHfovDeg": 80.0,
                "width": 1280
            }
        ]
    ],
    "imuExtrinsics": {
        "rotationMatrix": [
            [
                0.0,
                0.0,
                0.0
            ],
            [
                0.0,
                0.0,
                0.0
            ],
            [
                0.0,
                0.0,
                0.0
            ]
        ],
        "specTranslation": {
            "x": 0.0,
            "y": 0.0,
            "z": 0.0
        },
        "toCameraSocket": -1,
        "translation": {
            "x": 0.0,
            "y": 0.0,
            "z": 0.0
        }
    },
    "miscellaneousData": [],
    "stereoRectificationData": {
        "leftCameraSocket": 1,
        "rectifiedRotationLeft": [
            [
                0.9988629817962646,
                -0.0464743971824646,
                0.010626516304910183
            ],
            [
                0.046499550342559814,
                0.9989160299301147,
                -0.0021319675724953413
            ],
            [
                -0.010515916161239147,
                0.002623671665787697,
                0.9999412894248962
            ]
        ],
        "rectifiedRotationRight": [
            [
                0.9986781477928162,
                -0.051261551678180695,
                0.0037665509153157473
            ],
            [
                0.051252443343400955,
                0.9986826777458191,
                0.002475868444889784
            ],
            [
                -0.0038885059766471386,
                -0.002279551001265645,
                0.9999898672103882
            ]
        ],
        "rightCameraSocket": 2
    },
    "version": 6
}
